cluster,rank,gene
Cancer.cell.1,1,DAPL1
Cancer.cell.1,2,SCGB2A1
Cancer.cell.1,3,CRABP1
Cancer.cell.1,4,SCGB1D2
Cancer.cell.1,5,THSD4
Cancer.cell.2,1,S100A9
Cancer.cell.2,2,KRT17
Cancer.cell.2,3,LCN2
Cancer.cell.2,4,TACSTD2
Cancer.cell.2,5,KRT7
Cancer.cell.2,6,S100A10
Cancer.cell.2,7,GPRC5A
Cancer.cell.2,8,SLPI
Cancer.cell.2,9,MMP7
Cancer.cell.2,10,S100A11
Cancer.cell.2,11,KRT19
Cancer.cell.2,12,CRYAB
Cancer.cell.2,13,IGFBP3
Cancer.cell.2,14,S100A6
Cancer.cell.2,15,TAGLN
Cancer.cell.2,16,ANXA1
Cancer.cell.2,17,CST6
Cancer.cell.2,18,C19orf33
Cancer.cell.2,19,S100A2
Cancer.cell.2,20,EMP1
Cancer.cell.2,21,ADIRF
Cancer.cell.2,22,ANXA2
Cancer.cell.2,23,RARRES1
Cancer.cell.2,24,MUC4
Cancer.cell.2,25,MAL2
Cancer.cell.2,26,LGALS3
Cancer.cell.2,27,CAST
Cancer.cell.2,28,SOX4
Cancer.cell.2,29,CCND1
Cancer.cell.2,30,MFGE8
Cancer.cell.2,31,TFPI2
Cancer.cell.2,32,LYPD2
Cancer.cell.2,33,TNFRSF12A
Cancer.cell.2,34,CAMK2N1
Cancer.cell.2,35,PERP
Cancer.cell.2,36,TGM2
Cancer.cell.2,37,RAB11FIP1
Cancer.cell.2,38,MUC16
Cancer.cell.2,39,CLDN4
Cancer.cell.2,40,EZR
Cancer.cell.2,41,SCEL
Cancer.cell.2,42,CTSD
Cancer.cell.2,43,ITGB8
Cancer.cell.2,44,HEBP2
Cancer.cell.2,45,SVIL
Cancer.cell.2,46,C15orf48
Cancer.cell.2,47,FTH1
Cancer.cell.2,48,S100A16
Cancer.cell.2,49,UPK1B
Cancer.cell.2,50,FXYD3
Cancer.cell.3,1,CXCL10
Cancer.cell.3,2,ISG15
Cancer.cell.3,3,IFIT3
Cancer.cell.3,4,IFIT1
Cancer.cell.3,5,MX1
Cancer.cell.3,6,IFIT2
Cancer.cell.3,7,IFI6
Cancer.cell.3,8,PARP14
Cancer.cell.3,9,IFI44L
Cancer.cell.3,10,TNFSF10
Cancer.cell.3,11,GBP4
Cancer.cell.3,12,IFI27
Cancer.cell.3,13,STAT1
Cancer.cell.3,14,GBP1
Cancer.cell.3,15,TNFAIP2
Cancer.cell.3,16,SOD2
Cancer.cell.3,17,CCL20
Cancer.cell.3,18,IDO1
Cancer.cell.3,19,XAF1
Cancer.cell.3,20,CXCL8
Cancer.cell.3,21,IL32
Cancer.cell.3,22,OAS1
Cancer.cell.3,23,PSMB9
Cancer.cell.3,24,HLA-B
Cancer.cell.3,25,RSAD2
Cancer.cell.3,26,IFIH1
Cancer.cell.3,27,B2M
Cancer.cell.3,28,RNF213
Cancer.cell.3,29,HLA-A
Cancer.cell.3,30,TAP1
Cancer.cell.3,31,LY6E
Cancer.cell.3,32,SAMD9
Cancer.cell.3,33,IRF1
Cancer.cell.3,34,WARS
Cancer.cell.3,35,CXCL11
Cancer.cell.3,36,DDX58
Cancer.cell.3,37,ISG20
Cancer.cell.3,38,LAP3
Cancer.cell.3,39,OAS3
Cancer.cell.3,40,HLA-C
Cancer.cell.3,41,PLSCR1
Cancer.cell.3,42,IFI16
Cancer.cell.3,43,NFKBIA
Cancer.cell.3,44,BIRC3
Cancer.cell.3,45,CXCL2
Cancer.cell.3,46,BST2
Cancer.cell.3,47,IFI44
Cancer.cell.3,48,UBE2L6
Cancer.cell.3,49,OAS2
Cancer.cell.3,50,HERC5
Cancer.cell.4,1,COL1A1
Cancer.cell.4,2,COL3A1
Cancer.cell.4,3,COL1A2
Cancer.cell.4,4,FN1
Cancer.cell.4,5,SPARC
Cancer.cell.4,6,DCN
Cancer.cell.4,7,LUM
Cancer.cell.4,8,IGFBP7
Cancer.cell.4,9,COL6A1
Cancer.cell.4,10,COL6A2
Cancer.cell.4,11,CCDC80
Cancer.cell.4,12,CTHRC1
Cancer.cell.4,13,CALD1
Cancer.cell.4,14,COL6A3
Cancer.cell.4,15,NNMT
Cancer.cell.4,16,LGALS1
Cancer.cell.4,17,SPARCL1
Cancer.cell.4,18,VIM
Cancer.cell.4,19,MMP11
Cancer.cell.4,20,MGP
Cancer.cell.4,21,TAGLN
Cancer.cell.4,22,VCAN
Cancer.cell.4,23,COL5A2
Cancer.cell.4,24,POSTN
Cancer.cell.4,25,AEBP1
Cancer.cell.4,26,ACTA2
Cancer.cell.4,27,RARRES2
Cancer.cell.4,28,PLA2G2A
Cancer.cell.4,29,SCGB1D2
Cancer.cell.4,30,NBL1
Cancer.cell.4,31,ERP27
Cancer.cell.4,32,COL8A1
Cancer.cell.4,33,LRRC75A
Cancer.cell.4,34,TIMP3
Cancer.cell.4,35,CDH6
Cancer.cell.4,36,KRT19
Cancer.cell.4,37,IGFBP4
Cancer.cell.4,38,IGFBP6
Cancer.cell.4,39,MMP2
Cancer.cell.4,40,KRT7
Cancer.cell.4,41,TPM1
Cancer.cell.4,42,SYT8
Cancer.cell.4,43,BGN
Cancer.cell.4,44,SPON2
Cancer.cell.4,45,FTH1
Cancer.cell.4,46,COL5A1
Cancer.cell.4,47,HTRA1
Cancer.cell.4,48,CAV1
Cancer.cell.4,49,ANXA2
Cancer.cell.4,50,SERPINF1
Cancer.cell.5,1,S100A4
Cancer.cell.5,2,CASC1
Cancer.cell.5,3,SNHG19
Cancer.cell.5,4,CETN2
Cancer.cell.5,5,TMEM100
Cancer.cell.5,6,MFAP5
Cancer.cell.5,7,PEG10
Cancer.cell.5,8,CCND1
Cancer.cell.5,9,TTYH1
Cancer.cell.5,10,NAP1L1
Cancer.cell.5,11,SELENOP
Cancer.cell.5,12,STK38L
Cancer.cell.5,13,MLF1
Cancer.cell.5,14,CAPS
Cancer.cell.5,15,LDHB
Cancer.cell.5,16,C2orf40
Cancer.cell.5,17,CFAP126
Cancer.cell.5,18,PTMS
Cancer.cell.5,19,LRRIQ1
Cancer.cell.5,20,COMP
Cancer.cell.5,21,SPRY1
Cancer.cell.5,22,PLTP
Cancer.cell.5,23,C17orf97
Cancer.cell.5,24,LMO3
Cancer.cell.5,25,RPGR
Cancer.cell.5,26,ARMC3
Cancer.cell.5,27,PRELP
Cancer.cell.5,28,SEMA3E
Cancer.cell.5,29,PON1
Cancer.cell.5,30,SNHG9
Cancer.cell.5,31,HYDIN
Cancer.cell.5,32,SPX
Cancer.cell.5,33,ATP5MC2
Cancer.cell.5,34,MEG3
Cancer.cell.5,35,PIFO
Cancer.cell.5,36,FMOD
Cancer.cell.5,37,AC004540.2
Cancer.cell.5,38,NKAIN4
Cancer.cell.5,39,ENKUR
Cancer.cell.5,40,PPIL6
Cancer.cell.5,41,SPEF2
Cancer.cell.5,42,PREX2
Cancer.cell.5,43,MNS1
Cancer.cell.5,44,FAM183A
Cancer.cell.5,45,GRIA2
Cancer.cell.5,46,SLITRK6
Cancer.cell.5,47,CFAP54
Cancer.cell.5,48,SPAG17
Cancer.cell.5,49,CD177
Cancer.cell.5,50,FAM81B
Cancer.cell.6,1,VEGFA
Cancer.cell.6,2,SST
Cancer.cell.6,3,SLC2A1
Cancer.cell.6,4,BNIP3
Cancer.cell.6,5,NDRG1
Cancer.cell.6,6,NDUFA4L2
Cancer.cell.6,7,FTL
Cancer.cell.6,8,P4HA1
Cancer.cell.6,9,DDIT3
Cancer.cell.6,10,NUPR1
Cancer.cell.6,11,IGFBP3
Cancer.cell.6,12,FTH1
Cancer.cell.6,13,LDHA
Cancer.cell.6,14,SLC3A2
Cancer.cell.6,15,ZFAS1
Cancer.cell.6,16,EGLN3
Cancer.cell.6,17,ENO1
Cancer.cell.6,18,PLIN2
Cancer.cell.6,19,ANGPTL4
Cancer.cell.6,20,PGK1
Cancer.cell.6,21,PLOD2
Cancer.cell.6,22,DDIT4
Cancer.cell.6,23,EIF1
Cancer.cell.6,24,ERO1A
Cancer.cell.6,25,SOX4
Cancer.cell.6,26,FAM162A
Cancer.cell.6,27,ADM
Cancer.cell.6,28,EIF4EBP1
Cancer.cell.6,29,NXPH4
Cancer.cell.6,30,TRIB3
Cancer.cell.6,31,S100A10
Cancer.cell.6,32,STC2
Cancer.cell.6,33,GDF15
Cancer.cell.6,34,HILPDA
Cancer.cell.6,35,SLC16A3
Cancer.cell.6,36,SQSTM1
Cancer.cell.6,37,CEBPB
Cancer.cell.6,38,RNASET2
Cancer.cell.6,39,GAPDH
Cancer.cell.6,40,SEC61G
Cancer.cell.6,41,MALAT1
Cancer.cell.6,42,BNIP3L
Cancer.cell.6,43,CA9
Cancer.cell.6,44,WSB1
Cancer.cell.6,45,C4orf3
Cancer.cell.6,46,SNHG7
Cancer.cell.6,47,GPI
Cancer.cell.6,48,AKAP12
Cancer.cell.6,49,IGF2-1
Cancer.cell.6,50,ANKRD37
Ciliated.cell.1,1,CAPS
Ciliated.cell.1,2,C20orf85
Ciliated.cell.1,3,TPPP3
Ciliated.cell.1,4,C9orf24
Ciliated.cell.1,5,RSPH1
Ciliated.cell.1,6,C5orf49
Ciliated.cell.1,7,TMEM190
Ciliated.cell.1,8,PIFO
Ciliated.cell.1,9,FAM183A
Ciliated.cell.1,10,C1orf194
Ciliated.cell.1,11,CETN2
Ciliated.cell.1,12,AGR3
Ciliated.cell.1,13,CFAP126
Ciliated.cell.1,14,ODF3B
Ciliated.cell.1,15,TXN
Ciliated.cell.1,16,CAPSL
Ciliated.cell.1,17,IGFBP7
Ciliated.cell.1,18,C11orf88
Ciliated.cell.1,19,MORN2
Ciliated.cell.1,20,LRRIQ1
Ciliated.cell.1,21,TUBA1A
Ciliated.cell.1,22,FOXJ1
Ciliated.cell.1,23,TUBB4B
Ciliated.cell.1,24,ZMYND10
Ciliated.cell.1,25,DNAAF1
Ciliated.cell.1,26,C9orf116
Ciliated.cell.1,27,EFCAB1
Ciliated.cell.1,28,EFHC1
Ciliated.cell.1,29,DNALI1
Ciliated.cell.1,30,IK
Ciliated.cell.1,31,DYDC2
Ciliated.cell.1,32,CEP126
Ciliated.cell.1,33,MLF1
Ciliated.cell.1,34,SNTN
Ciliated.cell.1,35,ROPN1L
Ciliated.cell.1,36,AL357093.2
Ciliated.cell.1,37,PSENEN
Ciliated.cell.1,38,CCDC170
Ciliated.cell.1,39,ERICH3
Ciliated.cell.1,40,TEKT2
Ciliated.cell.1,41,C9orf135
Ciliated.cell.1,42,SPA17
Ciliated.cell.1,43,MNS1
Ciliated.cell.1,44,ARMC3
Ciliated.cell.1,45,PERP
Ciliated.cell.1,46,CIB1
Ciliated.cell.1,47,LRRC23
Ciliated.cell.1,48,CFAP45
Ciliated.cell.1,49,CKB
Ciliated.cell.1,50,MORN5
Ciliated.cell.2,1,CFAP126
Ciliated.cell.2,2,PIFO
Ciliated.cell.2,3,FAM183A
Ciliated.cell.2,4,DNALI1
Ciliated.cell.2,5,CASC1
Ciliated.cell.2,6,RSPH1
Ciliated.cell.2,7,C9orf24
Ciliated.cell.2,8,C20orf85
Ciliated.cell.2,9,LRRIQ1
Ciliated.cell.2,10,C5orf49
Ciliated.cell.2,11,DNAAF1
Ciliated.cell.2,12,TPPP3
Ciliated.cell.2,13,ARMC3
Ciliated.cell.2,14,C1orf194
Ciliated.cell.2,15,CFAP45
Ciliated.cell.2,16,EFCAB1
Ciliated.cell.2,17,ENKUR
Ciliated.cell.2,18,ZMYND10
Ciliated.cell.2,19,CAPSL
Ciliated.cell.2,20,CEP126
Ciliated.cell.2,21,HYDIN
Ciliated.cell.2,22,DYDC2
Ciliated.cell.2,23,CDC20B
Ciliated.cell.2,24,TEKT1
Ciliated.cell.2,25,TEKT2
Ciliated.cell.2,26,CFAP54
Ciliated.cell.2,27,CFAP43
Ciliated.cell.2,28,SPEF1
Ciliated.cell.2,29,FAM81B
Ciliated.cell.2,30,CFAP46
Ciliated.cell.2,31,ROPN1L
Ciliated.cell.2,32,CFAP73
Ciliated.cell.2,33,EFCAB10
Ciliated.cell.2,34,ZBBX
Ciliated.cell.2,35,CFAP157
Ciliated.cell.2,36,DRC1
Ciliated.cell.2,37,SPAG8
Ciliated.cell.2,38,WDR38
Ciliated.cell.2,39,WDR49
Ciliated.cell.2,40,C11orf88
Ciliated.cell.2,41,RSPH4A
Ciliated.cell.2,42,C7orf57
Ciliated.cell.2,43,C6orf118
Ciliated.cell.2,44,DNAH12
Ciliated.cell.2,45,DYNLRB2
Ciliated.cell.2,46,ERICH3
Ciliated.cell.2,47,WDR63
Ciliated.cell.2,48,MORN5
Ciliated.cell.2,49,MAP3K19
Ciliated.cell.2,50,TTLL9
Cycling.cancer.cell.1,1,CENPF
Cycling.cancer.cell.1,2,PTTG1
Cycling.cancer.cell.1,3,UBE2S
Cycling.cancer.cell.1,4,HMGB2
Cycling.cancer.cell.1,5,MKI67
Cycling.cancer.cell.1,6,TPX2
Cycling.cancer.cell.1,7,ASPM
Cycling.cancer.cell.1,8,TOP2A
Cycling.cancer.cell.1,9,CCNB1
Cycling.cancer.cell.1,10,CDC20
Cycling.cancer.cell.1,11,CKS2
Cycling.cancer.cell.1,12,UBE2C
Cycling.cancer.cell.1,13,ARL6IP1
Cycling.cancer.cell.1,14,BIRC5
Cycling.cancer.cell.1,15,LGALS1
Cycling.cancer.cell.1,16,CCNB2
Cycling.cancer.cell.1,17,PTMS
Cycling.cancer.cell.1,18,NMU
Cycling.cancer.cell.1,19,TUBA1B
Cycling.cancer.cell.1,20,HMGN2
Cycling.cancer.cell.1,21,CDKN3
Cycling.cancer.cell.1,22,JPT1
Cycling.cancer.cell.1,23,NUSAP1
Cycling.cancer.cell.1,24,H2AFZ
Cycling.cancer.cell.1,25,CEP55
Cycling.cancer.cell.1,26,HMGB1
Cycling.cancer.cell.1,27,KPNA2
Cycling.cancer.cell.1,28,HMMR
Cycling.cancer.cell.1,29,STMN1
Cycling.cancer.cell.1,30,ANP32E
Cycling.cancer.cell.1,31,SMC4
Cycling.cancer.cell.1,32,ECT2
Cycling.cancer.cell.1,33,CENPE
Cycling.cancer.cell.1,34,NUCKS1
Cycling.cancer.cell.1,35,CKS1B
Cycling.cancer.cell.1,36,KIF20B
Cycling.cancer.cell.1,37,TROAP
Cycling.cancer.cell.1,38,HMGB3
Cycling.cancer.cell.1,39,H2AFV
Cycling.cancer.cell.1,40,RAD21
Cycling.cancer.cell.1,41,DLGAP5
Cycling.cancer.cell.1,42,NCAPD2
Cycling.cancer.cell.1,43,AURKA
Cycling.cancer.cell.1,44,CENPA
Cycling.cancer.cell.1,45,TUBB4B
Cycling.cancer.cell.1,46,CENPW
Cycling.cancer.cell.1,47,SKA2
Cycling.cancer.cell.1,48,KIF23
Cycling.cancer.cell.1,49,TUBA1C
Cycling.cancer.cell.1,50,MAD2L1
Cycling.cancer.cell.2,1,HIST1H4C
Cycling.cancer.cell.2,2,TUBA1B
Cycling.cancer.cell.2,3,PCLAF
Cycling.cancer.cell.2,4,ATAD2
Cycling.cancer.cell.2,5,PCNA
Cycling.cancer.cell.2,6,H2AFZ
Cycling.cancer.cell.2,7,CKS1B
Cycling.cancer.cell.2,8,TK1
Cycling.cancer.cell.2,9,TUBB
Cycling.cancer.cell.2,10,TYMS
Cycling.cancer.cell.2,11,MKI67
Cycling.cancer.cell.2,12,HMGB2
Cycling.cancer.cell.2,13,DUT
Cycling.cancer.cell.2,14,TOP2A
Cycling.cancer.cell.2,15,DEK
Cycling.cancer.cell.2,16,MCM7
Cycling.cancer.cell.2,17,HELLS
Cycling.cancer.cell.2,18,SMC4
Cycling.cancer.cell.2,19,CDK1
Cycling.cancer.cell.2,20,UBE2C
Cycling.cancer.cell.2,21,MCM3
Cycling.cancer.cell.2,22,CLSPN
Cycling.cancer.cell.2,23,STMN1
Cycling.cancer.cell.2,24,MYBL2
Cycling.cancer.cell.2,25,UBE2T
Cycling.cancer.cell.2,26,MCM4
Cycling.cancer.cell.2,27,CENPF
Cycling.cancer.cell.2,28,SMC2
Cycling.cancer.cell.2,29,NUSAP1
Cycling.cancer.cell.2,30,NASP
Cycling.cancer.cell.2,31,HMGB1
Cycling.cancer.cell.2,32,RAD51AP1
Cycling.cancer.cell.2,33,ZWINT
Cycling.cancer.cell.2,34,RRM2
Cycling.cancer.cell.2,35,DNMT1
Cycling.cancer.cell.2,36,E2F1
Cycling.cancer.cell.2,37,TPX2
Cycling.cancer.cell.2,38,CENPW
Cycling.cancer.cell.2,39,RANBP1
Cycling.cancer.cell.2,40,TMPO
Cycling.cancer.cell.2,41,MAD2L1
Cycling.cancer.cell.2,42,FANCI
Cycling.cancer.cell.2,43,CENPX
Cycling.cancer.cell.2,44,TMEM106C
Cycling.cancer.cell.2,45,DHFR
Cycling.cancer.cell.2,46,PRKDC
Cycling.cancer.cell.2,47,HMGN2
Cycling.cancer.cell.2,48,ORC6
Cycling.cancer.cell.2,49,DTYMK
Cycling.cancer.cell.2,50,ASPM
OV.065.specific.1,1,OVGP1
OV.065.specific.1,2,SCGB3A1
OV.065.specific.1,3,CRISP3
OV.065.specific.1,4,PLCG2
OV.065.specific.1,5,PTMS
OV.065.specific.1,6,CCND1
OV.065.specific.1,7,SNHG9
OV.065.specific.1,8,PEG10
OV.065.specific.1,9,DSTN
OV.065.specific.1,10,APOLD1
OV.065.specific.1,11,TOP2A
OV.065.specific.1,12,YWHAE
OV.065.specific.1,13,EPB41L2
OV.065.specific.1,14,CDC20
OV.065.specific.1,15,RBMX
OV.065.specific.1,16,PTPRA
OV.065.specific.1,17,MYL12B
OV.065.specific.1,18,SNHG25
OV.065.specific.1,19,SNHG19
OV.065.specific.1,20,PABPC4
OV.065.specific.1,21,AMD1
OV.065.specific.1,22,WBP11
OV.065.specific.1,23,BRD9
OV.065.specific.1,24,METAP2
OV.065.specific.1,25,RBM8A
OV.065.specific.1,26,PPT1
OV.065.specific.1,27,MYL6B
OV.065.specific.1,28,NMT1
OV.065.specific.1,29,SNRPB
OV.065.specific.1,30,PGR
OV.065.specific.1,31,ST13
OV.065.specific.1,32,TTYH1
OV.065.specific.1,33,PA2G4
OV.065.specific.1,34,AP2B1
OV.065.specific.1,35,TMCO1
OV.065.specific.1,36,HNRNPM
OV.065.specific.1,37,NSA2
OV.065.specific.1,38,WDR70
OV.065.specific.1,39,HMGB1
OV.065.specific.1,40,VIM
OV.065.specific.1,41,TBCA
OV.065.specific.1,42,HSP90B1
OV.065.specific.1,43,CBX3
OV.065.specific.1,44,CST3
OV.065.specific.1,45,MT-ND4L
OV.065.specific.1,46,EIF2S2
OV.065.specific.1,47,SFRP1
OV.065.specific.1,48,ANO1
OV.065.specific.1,49,TMA7
OV.065.specific.1,50,ATP5ME
OV.075.specific,1,TAGLN
OV.075.specific,2,TPM2
OV.075.specific,3,LGALS1
OV.075.specific,4,ACTA2
OV.075.specific,5,CALD1
OV.075.specific,6,MT1H
OV.075.specific,7,RAB32
OV.075.specific,8,NMU
OV.075.specific,9,SELENOP
OV.075.specific,10,CDKN2A
OV.075.specific,11,MT1G
OV.075.specific,12,ANXA3
OV.075.specific,13,CCT5
OV.075.specific,14,VIM
OV.075.specific,15,COTL1
OV.075.specific,16,NDUFS6
OV.075.specific,17,FHL2
OV.075.specific,18,AKAP12
OV.075.specific,19,YBX1
OV.075.specific,20,MT1M
OV.075.specific,21,SUB1
OV.075.specific,22,MYL9
OV.075.specific,23,MYH9
OV.075.specific,24,CLDN7
OV.075.specific,25,MYL12A
OV.075.specific,26,CD47
OV.075.specific,27,IL32
OV.075.specific,28,EEF1B2
OV.075.specific,29,ANXA5
OV.075.specific,30,PCDH10
OV.075.specific,31,IL15
OV.075.specific,32,S100A10
OV.075.specific,33,PFN1
OV.075.specific,34,IGFBP2
OV.075.specific,35,PDCD6
OV.075.specific,36,KIF5B
OV.075.specific,37,ACTR3
OV.075.specific,38,EEF1D
OV.075.specific,39,TPM3
OV.075.specific,40,TAGLN2
OV.075.specific,41,PPA1
OV.075.specific,42,PDCL2
OV.075.specific,43,COX4I1
OV.075.specific,44,UQCRH
OV.075.specific,45,MUC12
OV.075.specific,46,LINC02432
OV.075.specific,47,GPR19
OV.075.specific,48,RASGRP2
OV.075.specific,49,LMOD1
OV.075.specific,50,HPD
OV.081.specific,1,MESP1
OV.081.specific,2,CLEC11A
OV.081.specific,3,ANPEP
OV.081.specific,4,COX4I1
OV.081.specific,5,NPW
OV.081.specific,6,ASRGL1
OV.081.specific,7,ANXA1
OV.081.specific,8,CKB
OV.081.specific,9,CFD
OV.081.specific,10,LINC01436
OV.081.specific,11,SCGB2A1
OV.081.specific,12,REG1A
OV.081.specific,13,NDUFA1
OV.081.specific,14,IDH1
OV.081.specific,15,ATP5F1A
OV.081.specific,16,MUC5B
OV.081.specific,17,FBXO2
OV.081.specific,18,ATP5MC3
OV.081.specific,19,SLC6A20
OV.081.specific,20,CYP4B1
OV.081.specific,21,EIF3K
OV.081.specific,22,GSTP1
OV.081.specific,23,CSRP2
OV.081.specific,24,CNKSR3
OV.081.specific,25,EPB41L2
OV.081.specific,26,LINC00937
OV.081.specific,27,MFAP5
OV.081.specific,28,NPR3
OV.081.specific,29,CTSV
OV.081.specific,30,C2CD4B
OV.081.specific,31,NACA
OV.081.specific,32,PLEKHS1
OV.081.specific,33,RBP2
OV.081.specific,34,TSPAN8
OV.081.specific,35,PKHD1L1
OV.081.specific,36,IRX1
OV.081.specific,37,GLRX
OV.081.specific,38,HRASLS
OV.081.specific,39,AARD
OV.081.specific,40,SCGB2A2
OV.081.specific,41,SLC22A31
OV.081.specific,42,PROM1
OV.081.specific,43,C16orf74
OV.081.specific,44,TNFRSF18
OV.081.specific,45,MESP2
OV.081.specific,46,TNC
OV.081.specific,47,PGR
OV.081.specific,48,PTGER2
OV.081.specific,49,GLYATL2
OV.081.specific,50,PTGFR
